{
  "name": "angular-cookies",
  "version": "1.4.6",
  "main": "./angular-cookies.js",
  "ignore": [],
  "dependencies": {
    "angular": "1.4.6"
  },
  "homepage": "https://github.com/angular/bower-angular-cookies",
  "_release": "1.4.6",
  "_resolution": {
    "type": "version",
    "tag": "v1.4.6",
    "commit": "9965ef6f608ffb90983c1c32cf0127d827f3379d"
  },
  "_source": "git://github.com/angular/bower-angular-cookies.git",
  "_target": "~1.4.6",
  "_originalSource": "angular-cookies",
  "_direct": true
}