{
  "name": "angular-resource",
  "version": "1.4.6",
  "main": "./angular-resource.js",
  "ignore": [],
  "dependencies": {
    "angular": "1.4.6"
  },
  "homepage": "https://github.com/angular/bower-angular-resource",
  "_release": "1.4.6",
  "_resolution": {
    "type": "version",
    "tag": "v1.4.6",
    "commit": "6fccc96ce601c60709a35c102a83239312062e6f"
  },
  "_source": "git://github.com/angular/bower-angular-resource.git",
  "_target": "~1.4.6",
  "_originalSource": "angular-resource",
  "_direct": true
}